{
    "MKP1": {
        "Best": 141278.0,
        "Mean": 141278.0,
        "StdDev": 0.0
    },
    "MKP2": {
        "Best": 130883.0,
        "Mean": 130874.0,
        "StdDev": 34.28799595582493
    },
    "MKP3": {
        "Best": 95677.0,
        "Mean": 95677.0,
        "StdDev": 0.0
    },
    "MKP4": {
        "Best": 119337.0,
        "Mean": 119238.2,
        "StdDev": 487.86551425572185
    },
    "MKP5": {
        "Best": 98796.0,
        "Mean": 98796.0,
        "StdDev": 0.0
    },
    "MKP6": {
        "Best": 130623.0,
        "Mean": 130519.0,
        "StdDev": 172.46448909848078
    },
    "MKP7": {
        "Best": 1067471.0,
        "Mean": 1047452.7666666667,
        "StdDev": 8916.445426601094
    },
    "MKP8": {
        "Best": 518077.0,
        "Mean": 474464.13333333336,
        "StdDev": 16085.131425705611
    },
    "MKP9": {
        "Best": 7623.0,
        "Mean": 7306.733333333334,
        "StdDev": 101.97579233436836
    },
    "MKP10": {
        "Best": 8595.0,
        "Mean": 8535.366666666667,
        "StdDev": 29.984977720333376
    }
}