{
    "BGSA1": {
        "MKP1": {
            "Best": 141137.0,
            "Mean": 137605.13333333333,
            "StdDev": 1227.349549050944
        },
        "MKP2": {
            "Best": 129183.0,
            "Mean": 126754.43333333333,
            "StdDev": 1243.2530630925019
        },
        "MKP3": {
            "Best": 95677.0,
            "Mean": 94209.4,
            "StdDev": 1390.8718273083255
        },
        "MKP4": {
            "Best": 117468.0,
            "Mean": 112564.9,
            "StdDev": 1931.7815844447841
        },
        "MKP5": {
            "Best": 98346.0,
            "Mean": 95687.8,
            "StdDev": 1194.4930696045637
        },
        "MKP6": {
            "Best": 129618.0,
            "Mean": 126420.76666666666,
            "StdDev": 1532.4327431317247
        },
        "MKP7": {
            "Best": 933132.0,
            "Mean": 899724.9333333333,
            "StdDev": 14723.3901144479
        },
        "MKP8": {
            "Best": 470586.0,
            "Mean": 409416.9,
            "StdDev": 18722.74667056092
        },
        "MKP9": {
            "Best": 6717.0,
            "Mean": 6080.733333333334,
            "StdDev": 194.3663093805668
        },
        "MKP10": {
            "Best": 7963.0,
            "Mean": 7713.766666666666,
            "StdDev": 148.1408526444418
        }
    },
    "BGSA2": {
        "MKP1": {
            "Best": 140297.0,
            "Mean": 137473.66666666666,
            "StdDev": 1248.7949213363881
        },
        "MKP2": {
            "Best": 129667.0,
            "Mean": 127846.33333333333,
            "StdDev": 1292.628158271185
        },
        "MKP3": {
            "Best": 95677.0,
            "Mean": 93880.53333333334,
            "StdDev": 1431.2100878471879
        },
        "MKP4": {
            "Best": 118957.0,
            "Mean": 112875.23333333334,
            "StdDev": 2108.740946367972
        },
        "MKP5": {
            "Best": 98521.0,
            "Mean": 95996.83333333333,
            "StdDev": 1596.7551489052903
        },
        "MKP6": {
            "Best": 129698.0,
            "Mean": 127190.43333333333,
            "StdDev": 1636.2903915734382
        },
        "MKP7": {
            "Best": 914446.0,
            "Mean": 893257.8333333334,
            "StdDev": 9961.664580056666
        },
        "MKP8": {
            "Best": 454717.0,
            "Mean": 407968.86666666664,
            "StdDev": 15114.221282693403
        },
        "MKP9": {
            "Best": 6723.0,
            "Mean": 6004.833333333333,
            "StdDev": 262.52493003310923
        },
        "MKP10": {
            "Best": 8183.0,
            "Mean": 7753.0,
            "StdDev": 184.94125193332792
        }
    },
    "BGSA3": {
        "MKP1": {
            "Best": 140532.0,
            "Mean": 137547.83333333334,
            "StdDev": 1176.7786278178614
        },
        "MKP2": {
            "Best": 130773.0,
            "Mean": 127046.03333333334,
            "StdDev": 1547.515890781811
        },
        "MKP3": {
            "Best": 95677.0,
            "Mean": 93672.26666666666,
            "StdDev": 1426.0766209740937
        },
        "MKP4": {
            "Best": 114417.0,
            "Mean": 112358.83333333333,
            "StdDev": 1109.9583801006033
        },
        "MKP5": {
            "Best": 98631.0,
            "Mean": 96007.0,
            "StdDev": 1544.939286832981
        },
        "MKP6": {
            "Best": 130213.0,
            "Mean": 127085.93333333333,
            "StdDev": 1667.9933239941006
        },
        "MKP7": {
            "Best": 917659.0,
            "Mean": 894230.4,
            "StdDev": 13838.929764978217
        },
        "MKP8": {
            "Best": 471626.0,
            "Mean": 408918.0333333333,
            "StdDev": 20936.084114089295
        },
        "MKP9": {
            "Best": 6583.0,
            "Mean": 6071.133333333333,
            "StdDev": 240.2675915631477
        },
        "MKP10": {
            "Best": 8062.0,
            "Mean": 7717.466666666666,
            "StdDev": 200.70670696870653
        }
    }
}