{
    "MKP1": {
        "Best": 141278.0,
        "Mean": 141023.03333333333,
        "StdDev": 389.90088341639967
    },
    "MKP2": {
        "Best": 130883.0,
        "Mean": 130707.73333333334,
        "StdDev": 214.00123571813523
    },
    "MKP3": {
        "Best": 95677.0,
        "Mean": 95622.3,
        "StdDev": 134.9741086282847
    },
    "MKP4": {
        "Best": 119337.0,
        "Mean": 117810.26666666666,
        "StdDev": 1581.368498765828
    },
    "MKP5": {
        "Best": 98796.0,
        "Mean": 98013.73333333334,
        "StdDev": 1243.0255812152682
    },
    "MKP6": {
        "Best": 130623.0,
        "Mean": 130275.46666666666,
        "StdDev": 173.39583488525773
    },
    "MKP7": {
        "Best": 1088432.0,
        "Mean": 1074685.3,
        "StdDev": 8618.529179042094
    },
    "MKP8": {
        "Best": 598761.0,
        "Mean": 569443.5666666667,
        "StdDev": 14823.588943939618
    },
    "MKP9": {
        "Best": 7746.0,
        "Mean": 7408.133333333333,
        "StdDev": 181.1715086749447
    },
    "MKP10": {
        "Best": 8662.0,
        "Mean": 8512.033333333333,
        "StdDev": 85.64324582566658
    }
}